id,user,key,expiration
1,26696,fc1NUasWzDksEq2AocTtWhxVjjbYtrzO34,09/06/1890
2,85610,IaaQtQ1yKLBo0i9l6zeg8NDJH80GE7Nj34,09/06/1890
3,48832,VeyBaX7l2ctStSZCx2AiQ68ajsFHaLjf34,09/06/1890
4,67991,QPY5wGeRY1VNc65WLO38Cdh8VuVkHXDL34,09/06/1890
5,159049,xmFChg0uEvLmWI2QsxmXAbrvJbq6sc3334,09/06/1890
6,158884,CmsZq6E2fWSogj9xs3rU8m4z5MKEwoHH34,09/06/1890
7,152518,R7FdmM7ExHbFdXfv99JbGk85yWdPJH3u34,09/06/1890
8,170601,BGQNeLQdR9X0AjekB2xWmRetAMdgtWh434,09/06/1890
9,169276,aOUAJC07pO4Uuq0GWqC6xw3Q0PXgYtkT34,09/06/1890
10,179188,4GpXGqAygIWDmEdSpCe55cgs7F6IF3G234,09/06/1890
11,168286,XtoMCII4jXhiV6ShmYGA7572EwchX4f834,09/06/1890
12,143446,m3NdeUt9mtNmDgXhBUKEHccUfPYWgrBb34,09/06/1890
13,151871,3b6RbvSfxWwTTfS1Fr4iNwfZkWu9lPvJ34,09/06/1890
14,152876,fv1eDQv1PPJHi8PhBl8RRVX08oBpUZ2F34,09/06/1890
15,173177,j8zrnmn4ae7g0pfugfw7r0c8ba4jdvrp34,31/12/1890
16,142830,SJwfIxXHr2XKmgdrmRrZYy60R8pltYVn34,07/10/1890
17,159617,eFHhBU5X5FALRmV7JPt5mHg36lFbKgFe34,07/10/1890
18,167809,78rhEbYDzvfDy1tjej2zatmxDxXTzRkY34,07/10/1890
